STRUCTURE,STRUCTURE_ID,STRUCTURE_NAME,ACTION,REF_AREA,Reference area,MEASURE,Measure,UNIT_MEASURE,Unit of measure,TRANSFORMATION,Transformation,ADJUSTMENT,Adjustment,SEX,Sex,AGE,Age,ACTIVITY,Economic activity,FREQ,Frequency of observation,TIME_PERIOD,Time period,OBS_VALUE,Observation value,BASE_PER,Base period,OBS_STATUS,Observation status,UNIT_MULT,Unit multiplier,DECIMALS,Decimals
DATAFLOW,OECD.SDD.TPS:DSD_LFS@DF_IALFS_EMP_ISIC4_Q(1.0),Employed population by economic activity,I,CRI,Costa Rica,EMP,Employment,PS,Persons,_Z,Not applicable,Y,Calendar and seasonally adjusted,_T,Total,_T,Total,BTE,Industry (except construction),Q,Quarterly,2024-Q1,,279.543,,,,A,Normal value,3,Thousands,0,Zero
DATAFLOW,OECD.SDD.TPS:DSD_LFS@DF_IALFS_EMP_ISIC4_Q(1.0),Employed population by economic activity,I,CHE,Switzerland,EMP,Employment,PS,Persons,_Z,Not applicable,Y,Calendar and seasonally adjusted,_T,Total,_T,Total,BTE,Industry (except construction),Q,Quarterly,2025-Q2,,610.7,,,,U,Low reliability,3,Thousands,0,Zero
DATAFLOW,OECD.SDD.TPS:DSD_LFS@DF_IALFS_EMP_ISIC4_Q(1.0),Employed population by economic activity,I,DEU,Germany,EMP,Employment,PS,Persons,_Z,Not applicable,Y,Calendar and seasonally adjusted,_T,Total,_T,Total,BTE,Industry (except construction),Q,Quarterly,2024-Q1,,8527.442,,,,E,Estimated value,3,Thousands,0,Zero
DATAFLOW,OECD.SDD.TPS:DSD_LFS@DF_IALFS_EMP_ISIC4_Q(1.0),Employed population by economic activity,I,DEU,Germany,EMP,Employment,PS,Persons,_Z,Not applicable,Y,Calendar and seasonally adjusted,_T,Total,_T,Total,BTE,Industry (except construction),Q,Quarterly,2024-Q2,,8526.309,,,,E,Estimated value,3,Thousands,0,Zero
DATAFLOW,OECD.SDD.TPS:DSD_LFS@DF_IALFS_EMP_ISIC4_Q(1.0),Employed population by economic activity,I,DEU,Germany,EMP,Employment,PS,Persons,_Z,Not applicable,Y,Calendar and seasonally adjusted,_T,Total,_T,Total,BTE,Industry (except construction),Q,Quarterly,2024-Q3,,8531.852,,,,E,Estimated value,3,Thousands,0,Zero
DATAFLOW,OECD.SDD.TPS:DSD_LFS@DF_IALFS_EMP_ISIC4_Q(1.0),Employed population by economic activity,I,DEU,Germany,EMP,Employment,PS,Persons,_Z,Not applicable,Y,Calendar and seasonally adjusted,_T,Total,_T,Total,BTE,Industry (except construction),Q,Quarterly,2024-Q4,,8563.798,,,,E,Estimated value,3,Thousands,0,Zero
DATAFLOW,OECD.SDD.TPS:DSD_LFS@DF_IALFS_EMP_ISIC4_Q(1.0),Employed population by economic activity,I,DEU,Germany,EMP,Employment,PS,Persons,_Z,Not applicable,Y,Calendar and seasonally adjusted,_T,Total,_T,Total,BTE,Industry (except construction),Q,Quarterly,2025-Q1,,8546.268,,,,E,Estimated value,3,Thousands,0,Zero
DATAFLOW,OECD.SDD.TPS:DSD_LFS@DF_IALFS_EMP_ISIC4_Q(1.0),Employed population by economic activity,I,DEU,Germany,EMP,Employment,PS,Persons,_Z,Not applicable,Y,Calendar and seasonally adjusted,_T,Total,_T,Total,BTE,Industry (except construction),Q,Quarterly,2025-Q2,,8568.138,,,,E,Estimated value,3,Thousands,0,Zero
DATAFLOW,OECD.SDD.TPS:DSD_LFS@DF_IALFS_EMP_ISIC4_Q(1.0),Employed population by economic activity,I,CHE,Switzerland,EMP,Employment,PS,Persons,_Z,Not applicable,Y,Calendar and seasonally adjusted,_T,Total,_T,Total,BTE,Industry (except construction),Q,Quarterly,2024-Q3,,625.8,,,,U,Low reliability,3,Thousands,0,Zero
DATAFLOW,OECD.SDD.TPS:DSD_LFS@DF_IALFS_EMP_ISIC4_Q(1.0),Employed population by economic activity,I,CHE,Switzerland,EMP,Employment,PS,Persons,_Z,Not applicable,Y,Calendar and seasonally adjusted,_T,Total,_T,Total,BTE,Industry (except construction),Q,Quarterly,2025-Q1,,611.3,,,,U,Low reliability,3,Thousands,0,Zero
DATAFLOW,OECD.SDD.TPS:DSD_LFS@DF_IALFS_EMP_ISIC4_Q(1.0),Employed population by economic activity,I,CHE,Switzerland,EMP,Employment,PS,Persons,_Z,Not applicable,Y,Calendar and seasonally adjusted,_T,Total,_T,Total,BTE,Industry (except construction),Q,Quarterly,2024-Q1,,594.7,,,,U,Low reliability,3,Thousands,0,Zero
DATAFLOW,OECD.SDD.TPS:DSD_LFS@DF_IALFS_EMP_ISIC4_Q(1.0),Employed population by economic activity,I,CHE,Switzerland,EMP,Employment,PS,Persons,_Z,Not applicable,Y,Calendar and seasonally adjusted,_T,Total,_T,Total,BTE,Industry (except construction),Q,Quarterly,2024-Q2,,612.6,,,,U,Low reliability,3,Thousands,0,Zero
DATAFLOW,OECD.SDD.TPS:DSD_LFS@DF_IALFS_EMP_ISIC4_Q(1.0),Employed population by economic activity,I,CHE,Switzerland,EMP,Employment,PS,Persons,_Z,Not applicable,Y,Calendar and seasonally adjusted,_T,Total,_T,Total,BTE,Industry (except construction),Q,Quarterly,2024-Q4,,626.2,,,,U,Low reliability,3,Thousands,0,Zero
DATAFLOW,OECD.SDD.TPS:DSD_LFS@DF_IALFS_EMP_ISIC4_Q(1.0),Employed population by economic activity,I,CHL,Chile,EMP,Employment,PS,Persons,_Z,Not applicable,Y,Calendar and seasonally adjusted,_T,Total,_T,Total,BTE,Industry (except construction),Q,Quarterly,2025-Q1,,1317.015,,,,A,Normal value,3,Thousands,0,Zero
DATAFLOW,OECD.SDD.TPS:DSD_LFS@DF_IALFS_EMP_ISIC4_Q(1.0),Employed population by economic activity,I,BGR,Bulgaria,EMP,Employment,PS,Persons,_Z,Not applicable,Y,Calendar and seasonally adjusted,_T,Total,_T,Total,BTE,Industry (except construction),Q,Quarterly,2024-Q1,,604.0421,,,,A,Normal value,3,Thousands,0,Zero
DATAFLOW,OECD.SDD.TPS:DSD_LFS@DF_IALFS_EMP_ISIC4_Q(1.0),Employed population by economic activity,I,BGR,Bulgaria,EMP,Employment,PS,Persons,_Z,Not applicable,Y,Calendar and seasonally adjusted,_T,Total,_T,Total,BTE,Industry (except construction),Q,Quarterly,2024-Q2,,598.4926,,,,A,Normal value,3,Thousands,0,Zero
DATAFLOW,OECD.SDD.TPS:DSD_LFS@DF_IALFS_EMP_ISIC4_Q(1.0),Employed population by economic activity,I,BGR,Bulgaria,EMP,Employment,PS,Persons,_Z,Not applicable,Y,Calendar and seasonally adjusted,_T,Total,_T,Total,BTE,Industry (except construction),Q,Quarterly,2024-Q3,,582.9255,,,,A,Normal value,3,Thousands,0,Zero
DATAFLOW,OECD.SDD.TPS:DSD_LFS@DF_IALFS_EMP_ISIC4_Q(1.0),Employed population by economic activity,I,BGR,Bulgaria,EMP,Employment,PS,Persons,_Z,Not applicable,Y,Calendar and seasonally adjusted,_T,Total,_T,Total,BTE,Industry (except construction),Q,Quarterly,2024-Q4,,565.0399,,,,A,Normal value,3,Thousands,0,Zero
DATAFLOW,OECD.SDD.TPS:DSD_LFS@DF_IALFS_EMP_ISIC4_Q(1.0),Employed population by economic activity,I,JPN,Japan,EMP,Employment,PS,Persons,_Z,Not applicable,Y,Calendar and seasonally adjusted,_T,Total,_T,Total,BTE,Industry (except construction),Q,Quarterly,2024-Q1,,10785.25,,,,A,Normal value,3,Thousands,0,Zero
DATAFLOW,OECD.SDD.TPS:DSD_LFS@DF_IALFS_EMP_ISIC4_Q(1.0),Employed population by economic activity,I,JPN,Japan,EMP,Employment,PS,Persons,_Z,Not applicable,Y,Calendar and seasonally adjusted,_T,Total,_T,Total,BTE,Industry (except construction),Q,Quarterly,2024-Q2,,10772.83,,,,A,Normal value,3,Thousands,0,Zero
DATAFLOW,OECD.SDD.TPS:DSD_LFS@DF_IALFS_EMP_ISIC4_Q(1.0),Employed population by economic activity,I,JPN,Japan,EMP,Employment,PS,Persons,_Z,Not applicable,Y,Calendar and seasonally adjusted,_T,Total,_T,Total,BTE,Industry (except construction),Q,Quarterly,2024-Q3,,10838.62,,,,A,Normal value,3,Thousands,0,Zero
DATAFLOW,OECD.SDD.TPS:DSD_LFS@DF_IALFS_EMP_ISIC4_Q(1.0),Employed population by economic activity,I,JPN,Japan,EMP,Employment,PS,Persons,_Z,Not applicable,Y,Calendar and seasonally adjusted,_T,Total,_T,Total,BTE,Industry (except construction),Q,Quarterly,2024-Q4,,10719.97,,,,A,Normal value,3,Thousands,0,Zero
DATAFLOW,OECD.SDD.TPS:DSD_LFS@DF_IALFS_EMP_ISIC4_Q(1.0),Employed population by economic activity,I,JPN,Japan,EMP,Employment,PS,Persons,_Z,Not applicable,Y,Calendar and seasonally adjusted,_T,Total,_T,Total,BTE,Industry (except construction),Q,Quarterly,2025-Q1,,10715.5,,,,A,Normal value,3,Thousands,0,Zero
DATAFLOW,OECD.SDD.TPS:DSD_LFS@DF_IALFS_EMP_ISIC4_Q(1.0),Employed population by economic activity,I,JPN,Japan,EMP,Employment,PS,Persons,_Z,Not applicable,Y,Calendar and seasonally adjusted,_T,Total,_T,Total,BTE,Industry (except construction),Q,Quarterly,2025-Q2,,10619.92,,,,A,Normal value,3,Thousands,0,Zero
DATAFLOW,OECD.SDD.TPS:DSD_LFS@DF_IALFS_EMP_ISIC4_Q(1.0),Employed population by economic activity,I,CHL,Chile,EMP,Employment,PS,Persons,_Z,Not applicable,Y,Calendar and seasonally adjusted,_T,Total,_T,Total,BTE,Industry (except construction),Q,Quarterly,2025-Q2,,1316.557,,,,A,Normal value,3,Thousands,0,Zero
DATAFLOW,OECD.SDD.TPS:DSD_LFS@DF_IALFS_EMP_ISIC4_Q(1.0),Employed population by economic activity,I,CRI,Costa Rica,EMP,Employment,PS,Persons,_Z,Not applicable,Y,Calendar and seasonally adjusted,_T,Total,_T,Total,BTE,Industry (except construction),Q,Quarterly,2025-Q1,,294.762,,,,A,Normal value,3,Thousands,0,Zero
DATAFLOW,OECD.SDD.TPS:DSD_LFS@DF_IALFS_EMP_ISIC4_Q(1.0),Employed population by economic activity,I,CRI,Costa Rica,EMP,Employment,PS,Persons,_Z,Not applicable,Y,Calendar and seasonally adjusted,_T,Total,_T,Total,BTE,Industry (except construction),Q,Quarterly,2025-Q2,,272.077,,,,A,Normal value,3,Thousands,0,Zero
DATAFLOW,OECD.SDD.TPS:DSD_LFS@DF_IALFS_EMP_ISIC4_Q(1.0),Employed population by economic activity,I,LUX,Luxembourg,EMP,Employment,PS,Persons,_Z,Not applicable,Y,Calendar and seasonally adjusted,_T,Total,_T,Total,BTE,Industry (except construction),Q,Quarterly,2025-Q1,,9.7,,,,A,Normal value,3,Thousands,0,Zero
DATAFLOW,OECD.SDD.TPS:DSD_LFS@DF_IALFS_EMP_ISIC4_Q(1.0),Employed population by economic activity,I,CHL,Chile,EMP,Employment,PS,Persons,_Z,Not applicable,Y,Calendar and seasonally adjusted,_T,Total,_T,Total,BTE,Industry (except construction),Q,Quarterly,2024-Q1,,1271.149,,,,A,Normal value,3,Thousands,0,Zero
DATAFLOW,OECD.SDD.TPS:DSD_LFS@DF_IALFS_EMP_ISIC4_Q(1.0),Employed population by economic activity,I,CZE,Czechia,EMP,Employment,PS,Persons,_Z,Not applicable,Y,Calendar and seasonally adjusted,_T,Total,_T,Total,BTE,Industry (except construction),Q,Quarterly,2024-Q1,,1425.6,,,,A,Normal value,3,Thousands,0,Zero
DATAFLOW,OECD.SDD.TPS:DSD_LFS@DF_IALFS_EMP_ISIC4_Q(1.0),Employed population by economic activity,I,DNK,Denmark,EMP,Employment,PS,Persons,_Z,Not applicable,Y,Calendar and seasonally adjusted,_T,Total,_T,Total,BTE,Industry (except construction),Q,Quarterly,2024-Q1,,393.8,,,,A,Normal value,3,Thousands,0,Zero
DATAFLOW,OECD.SDD.TPS:DSD_LFS@DF_IALFS_EMP_ISIC4_Q(1.0),Employed population by economic activity,I,LUX,Luxembourg,EMP,Employment,PS,Persons,_Z,Not applicable,Y,Calendar and seasonally adjusted,_T,Total,_T,Total,BTE,Industry (except construction),Q,Quarterly,2024-Q1,,8.2,,,,A,Normal value,3,Thousands,0,Zero
DATAFLOW,OECD.SDD.TPS:DSD_LFS@DF_IALFS_EMP_ISIC4_Q(1.0),Employed population by economic activity,I,SVK,Slovak Republic,EMP,Employment,PS,Persons,_Z,Not applicable,Y,Calendar and seasonally adjusted,_T,Total,_T,Total,BTE,Industry (except construction),Q,Quarterly,2024-Q1,,644,,,,A,Normal value,3,Thousands,0,Zero
DATAFLOW,OECD.SDD.TPS:DSD_LFS@DF_IALFS_EMP_ISIC4_Q(1.0),Employed population by economic activity,I,TUR,Türkiye,EMP,Employment,PS,Persons,_Z,Not applicable,Y,Calendar and seasonally adjusted,_T,Total,_T,Total,BTE,Industry (except construction),Q,Quarterly,2024-Q1,,6767,,,,A,Normal value,3,Thousands,0,Zero
DATAFLOW,OECD.SDD.TPS:DSD_LFS@DF_IALFS_EMP_ISIC4_Q(1.0),Employed population by economic activity,I,TUR,Türkiye,EMP,Employment,PS,Persons,_Z,Not applicable,Y,Calendar and seasonally adjusted,_T,Total,_T,Total,BTE,Industry (except construction),Q,Quarterly,2025-Q2,,6618,,,,A,Normal value,3,Thousands,0,Zero
DATAFLOW,OECD.SDD.TPS:DSD_LFS@DF_IALFS_EMP_ISIC4_Q(1.0),Employed population by economic activity,I,ZAF,South Africa,EMP,Employment,PS,Persons,_Z,Not applicable,Y,Calendar and seasonally adjusted,_T,Total,_T,Total,BTE,Industry (except construction),Q,Quarterly,2024-Q1,,2150.523,,,,A,Normal value,3,Thousands,0,Zero
DATAFLOW,OECD.SDD.TPS:DSD_LFS@DF_IALFS_EMP_ISIC4_Q(1.0),Employed population by economic activity,I,ZAF,South Africa,EMP,Employment,PS,Persons,_Z,Not applicable,Y,Calendar and seasonally adjusted,_T,Total,_T,Total,BTE,Industry (except construction),Q,Quarterly,2025-Q1,,2268.601,,,,A,Normal value,3,Thousands,0,Zero
DATAFLOW,OECD.SDD.TPS:DSD_LFS@DF_IALFS_EMP_ISIC4_Q(1.0),Employed population by economic activity,I,ZAF,South Africa,EMP,Employment,PS,Persons,_Z,Not applicable,Y,Calendar and seasonally adjusted,_T,Total,_T,Total,BTE,Industry (except construction),Q,Quarterly,2025-Q2,,2263.263,,,,A,Normal value,3,Thousands,0,Zero
DATAFLOW,OECD.SDD.TPS:DSD_LFS@DF_IALFS_EMP_ISIC4_Q(1.0),Employed population by economic activity,I,CZE,Czechia,EMP,Employment,PS,Persons,_Z,Not applicable,Y,Calendar and seasonally adjusted,_T,Total,_T,Total,BTE,Industry (except construction),Q,Quarterly,2024-Q4,,1414.9,,,,A,Normal value,3,Thousands,0,Zero
DATAFLOW,OECD.SDD.TPS:DSD_LFS@DF_IALFS_EMP_ISIC4_Q(1.0),Employed population by economic activity,I,DNK,Denmark,EMP,Employment,PS,Persons,_Z,Not applicable,Y,Calendar and seasonally adjusted,_T,Total,_T,Total,BTE,Industry (except construction),Q,Quarterly,2024-Q4,,404.7,,,,A,Normal value,3,Thousands,0,Zero
DATAFLOW,OECD.SDD.TPS:DSD_LFS@DF_IALFS_EMP_ISIC4_Q(1.0),Employed population by economic activity,I,LUX,Luxembourg,EMP,Employment,PS,Persons,_Z,Not applicable,Y,Calendar and seasonally adjusted,_T,Total,_T,Total,BTE,Industry (except construction),Q,Quarterly,2024-Q4,,8.7,,,,A,Normal value,3,Thousands,0,Zero
DATAFLOW,OECD.SDD.TPS:DSD_LFS@DF_IALFS_EMP_ISIC4_Q(1.0),Employed population by economic activity,I,SVK,Slovak Republic,EMP,Employment,PS,Persons,_Z,Not applicable,Y,Calendar and seasonally adjusted,_T,Total,_T,Total,BTE,Industry (except construction),Q,Quarterly,2024-Q4,,647.6,,,,A,Normal value,3,Thousands,0,Zero
DATAFLOW,OECD.SDD.TPS:DSD_LFS@DF_IALFS_EMP_ISIC4_Q(1.0),Employed population by economic activity,I,CHL,Chile,EMP,Employment,PS,Persons,_Z,Not applicable,Y,Calendar and seasonally adjusted,_T,Total,_T,Total,BTE,Industry (except construction),Q,Quarterly,2024-Q4,,1317.455,,,,A,Normal value,3,Thousands,0,Zero
DATAFLOW,OECD.SDD.TPS:DSD_LFS@DF_IALFS_EMP_ISIC4_Q(1.0),Employed population by economic activity,I,CRI,Costa Rica,EMP,Employment,PS,Persons,_Z,Not applicable,Y,Calendar and seasonally adjusted,_T,Total,_T,Total,BTE,Industry (except construction),Q,Quarterly,2024-Q4,,280.048,,,,A,Normal value,3,Thousands,0,Zero
DATAFLOW,OECD.SDD.TPS:DSD_LFS@DF_IALFS_EMP_ISIC4_Q(1.0),Employed population by economic activity,I,TUR,Türkiye,EMP,Employment,PS,Persons,_Z,Not applicable,Y,Calendar and seasonally adjusted,_T,Total,_T,Total,BTE,Industry (except construction),Q,Quarterly,2024-Q4,,6833,,,,A,Normal value,3,Thousands,0,Zero
DATAFLOW,OECD.SDD.TPS:DSD_LFS@DF_IALFS_EMP_ISIC4_Q(1.0),Employed population by economic activity,I,ZAF,South Africa,EMP,Employment,PS,Persons,_Z,Not applicable,Y,Calendar and seasonally adjusted,_T,Total,_T,Total,BTE,Industry (except construction),Q,Quarterly,2024-Q4,,2269.99,,,,A,Normal value,3,Thousands,0,Zero
DATAFLOW,OECD.SDD.TPS:DSD_LFS@DF_IALFS_EMP_ISIC4_Q(1.0),Employed population by economic activity,I,CHL,Chile,EMP,Employment,PS,Persons,_Z,Not applicable,Y,Calendar and seasonally adjusted,_T,Total,_T,Total,BTE,Industry (except construction),Q,Quarterly,2024-Q3,,1281.797,,,,A,Normal value,3,Thousands,0,Zero
DATAFLOW,OECD.SDD.TPS:DSD_LFS@DF_IALFS_EMP_ISIC4_Q(1.0),Employed population by economic activity,I,CRI,Costa Rica,EMP,Employment,PS,Persons,_Z,Not applicable,Y,Calendar and seasonally adjusted,_T,Total,_T,Total,BTE,Industry (except construction),Q,Quarterly,2024-Q3,,299.229,,,,A,Normal value,3,Thousands,0,Zero
DATAFLOW,OECD.SDD.TPS:DSD_LFS@DF_IALFS_EMP_ISIC4_Q(1.0),Employed population by economic activity,I,CZE,Czechia,EMP,Employment,PS,Persons,_Z,Not applicable,Y,Calendar and seasonally adjusted,_T,Total,_T,Total,BTE,Industry (except construction),Q,Quarterly,2024-Q3,,1424.8,,,,A,Normal value,3,Thousands,0,Zero
DATAFLOW,OECD.SDD.TPS:DSD_LFS@DF_IALFS_EMP_ISIC4_Q(1.0),Employed population by economic activity,I,DNK,Denmark,EMP,Employment,PS,Persons,_Z,Not applicable,Y,Calendar and seasonally adjusted,_T,Total,_T,Total,BTE,Industry (except construction),Q,Quarterly,2024-Q3,,390.2,,,,A,Normal value,3,Thousands,0,Zero
DATAFLOW,OECD.SDD.TPS:DSD_LFS@DF_IALFS_EMP_ISIC4_Q(1.0),Employed population by economic activity,I,LUX,Luxembourg,EMP,Employment,PS,Persons,_Z,Not applicable,Y,Calendar and seasonally adjusted,_T,Total,_T,Total,BTE,Industry (except construction),Q,Quarterly,2024-Q3,,6.8,,,,A,Normal value,3,Thousands,0,Zero
DATAFLOW,OECD.SDD.TPS:DSD_LFS@DF_IALFS_EMP_ISIC4_Q(1.0),Employed population by economic activity,I,SVK,Slovak Republic,EMP,Employment,PS,Persons,_Z,Not applicable,Y,Calendar and seasonally adjusted,_T,Total,_T,Total,BTE,Industry (except construction),Q,Quarterly,2024-Q3,,636.9,,,,A,Normal value,3,Thousands,0,Zero
DATAFLOW,OECD.SDD.TPS:DSD_LFS@DF_IALFS_EMP_ISIC4_Q(1.0),Employed population by economic activity,I,TUR,Türkiye,EMP,Employment,PS,Persons,_Z,Not applicable,Y,Calendar and seasonally adjusted,_T,Total,_T,Total,BTE,Industry (except construction),Q,Quarterly,2024-Q3,,6750,,,,A,Normal value,3,Thousands,0,Zero
DATAFLOW,OECD.SDD.TPS:DSD_LFS@DF_IALFS_EMP_ISIC4_Q(1.0),Employed population by economic activity,I,ZAF,South Africa,EMP,Employment,PS,Persons,_Z,Not applicable,Y,Calendar and seasonally adjusted,_T,Total,_T,Total,BTE,Industry (except construction),Q,Quarterly,2024-Q3,,2258.35,,,,A,Normal value,3,Thousands,0,Zero
DATAFLOW,OECD.SDD.TPS:DSD_LFS@DF_IALFS_EMP_ISIC4_Q(1.0),Employed population by economic activity,I,CHL,Chile,EMP,Employment,PS,Persons,_Z,Not applicable,Y,Calendar and seasonally adjusted,_T,Total,_T,Total,BTE,Industry (except construction),Q,Quarterly,2024-Q2,,1266.107,,,,A,Normal value,3,Thousands,0,Zero
DATAFLOW,OECD.SDD.TPS:DSD_LFS@DF_IALFS_EMP_ISIC4_Q(1.0),Employed population by economic activity,I,CRI,Costa Rica,EMP,Employment,PS,Persons,_Z,Not applicable,Y,Calendar and seasonally adjusted,_T,Total,_T,Total,BTE,Industry (except construction),Q,Quarterly,2024-Q2,,275.526,,,,A,Normal value,3,Thousands,0,Zero
DATAFLOW,OECD.SDD.TPS:DSD_LFS@DF_IALFS_EMP_ISIC4_Q(1.0),Employed population by economic activity,I,CZE,Czechia,EMP,Employment,PS,Persons,_Z,Not applicable,Y,Calendar and seasonally adjusted,_T,Total,_T,Total,BTE,Industry (except construction),Q,Quarterly,2024-Q2,,1416,,,,A,Normal value,3,Thousands,0,Zero
DATAFLOW,OECD.SDD.TPS:DSD_LFS@DF_IALFS_EMP_ISIC4_Q(1.0),Employed population by economic activity,I,DNK,Denmark,EMP,Employment,PS,Persons,_Z,Not applicable,Y,Calendar and seasonally adjusted,_T,Total,_T,Total,BTE,Industry (except construction),Q,Quarterly,2024-Q2,,396.9,,,,A,Normal value,3,Thousands,0,Zero
DATAFLOW,OECD.SDD.TPS:DSD_LFS@DF_IALFS_EMP_ISIC4_Q(1.0),Employed population by economic activity,I,LUX,Luxembourg,EMP,Employment,PS,Persons,_Z,Not applicable,Y,Calendar and seasonally adjusted,_T,Total,_T,Total,BTE,Industry (except construction),Q,Quarterly,2024-Q2,,7.3,,,,A,Normal value,3,Thousands,0,Zero
DATAFLOW,OECD.SDD.TPS:DSD_LFS@DF_IALFS_EMP_ISIC4_Q(1.0),Employed population by economic activity,I,SVK,Slovak Republic,EMP,Employment,PS,Persons,_Z,Not applicable,Y,Calendar and seasonally adjusted,_T,Total,_T,Total,BTE,Industry (except construction),Q,Quarterly,2024-Q2,,651.5,,,,A,Normal value,3,Thousands,0,Zero
DATAFLOW,OECD.SDD.TPS:DSD_LFS@DF_IALFS_EMP_ISIC4_Q(1.0),Employed population by economic activity,I,TUR,Türkiye,EMP,Employment,PS,Persons,_Z,Not applicable,Y,Calendar and seasonally adjusted,_T,Total,_T,Total,BTE,Industry (except construction),Q,Quarterly,2024-Q2,,6697,,,,A,Normal value,3,Thousands,0,Zero
DATAFLOW,OECD.SDD.TPS:DSD_LFS@DF_IALFS_EMP_ISIC4_Q(1.0),Employed population by economic activity,I,ZAF,South Africa,EMP,Employment,PS,Persons,_Z,Not applicable,Y,Calendar and seasonally adjusted,_T,Total,_T,Total,BTE,Industry (except construction),Q,Quarterly,2024-Q2,,2210.035,,,,A,Normal value,3,Thousands,0,Zero
DATAFLOW,OECD.SDD.TPS:DSD_LFS@DF_IALFS_EMP_ISIC4_Q(1.0),Employed population by economic activity,I,COL,Colombia,EMP,Employment,PS,Persons,_Z,Not applicable,Y,Calendar and seasonally adjusted,_T,Total,_T,Total,BTE,Industry (except construction),Q,Quarterly,2024-Q1,,3029.997,,,,A,Normal value,3,Thousands,0,Zero
DATAFLOW,OECD.SDD.TPS:DSD_LFS@DF_IALFS_EMP_ISIC4_Q(1.0),Employed population by economic activity,I,COL,Colombia,EMP,Employment,PS,Persons,_Z,Not applicable,Y,Calendar and seasonally adjusted,_T,Total,_T,Total,BTE,Industry (except construction),Q,Quarterly,2024-Q2,,3054.568,,,,A,Normal value,3,Thousands,0,Zero
DATAFLOW,OECD.SDD.TPS:DSD_LFS@DF_IALFS_EMP_ISIC4_Q(1.0),Employed population by economic activity,I,COL,Colombia,EMP,Employment,PS,Persons,_Z,Not applicable,Y,Calendar and seasonally adjusted,_T,Total,_T,Total,BTE,Industry (except construction),Q,Quarterly,2024-Q3,,3061.722,,,,A,Normal value,3,Thousands,0,Zero
DATAFLOW,OECD.SDD.TPS:DSD_LFS@DF_IALFS_EMP_ISIC4_Q(1.0),Employed population by economic activity,I,COL,Colombia,EMP,Employment,PS,Persons,_Z,Not applicable,Y,Calendar and seasonally adjusted,_T,Total,_T,Total,BTE,Industry (except construction),Q,Quarterly,2024-Q4,,3131.51,,,,A,Normal value,3,Thousands,0,Zero
DATAFLOW,OECD.SDD.TPS:DSD_LFS@DF_IALFS_EMP_ISIC4_Q(1.0),Employed population by economic activity,I,COL,Colombia,EMP,Employment,PS,Persons,_Z,Not applicable,Y,Calendar and seasonally adjusted,_T,Total,_T,Total,BTE,Industry (except construction),Q,Quarterly,2025-Q1,,3167.676,,,,A,Normal value,3,Thousands,0,Zero
DATAFLOW,OECD.SDD.TPS:DSD_LFS@DF_IALFS_EMP_ISIC4_Q(1.0),Employed population by economic activity,I,COL,Colombia,EMP,Employment,PS,Persons,_Z,Not applicable,Y,Calendar and seasonally adjusted,_T,Total,_T,Total,BTE,Industry (except construction),Q,Quarterly,2025-Q2,,3184.697,,,,A,Normal value,3,Thousands,0,Zero
DATAFLOW,OECD.SDD.TPS:DSD_LFS@DF_IALFS_EMP_ISIC4_Q(1.0),Employed population by economic activity,I,KOR,Korea,EMP,Employment,PS,Persons,_Z,Not applicable,Y,Calendar and seasonally adjusted,_T,Total,_T,Total,BTE,Industry (except construction),Q,Quarterly,2024-Q1,,4716.96,,,,A,Normal value,3,Thousands,0,Zero
DATAFLOW,OECD.SDD.TPS:DSD_LFS@DF_IALFS_EMP_ISIC4_Q(1.0),Employed population by economic activity,I,KOR,Korea,EMP,Employment,PS,Persons,_Z,Not applicable,Y,Calendar and seasonally adjusted,_T,Total,_T,Total,BTE,Industry (except construction),Q,Quarterly,2024-Q2,,4736.892,,,,A,Normal value,3,Thousands,0,Zero
DATAFLOW,OECD.SDD.TPS:DSD_LFS@DF_IALFS_EMP_ISIC4_Q(1.0),Employed population by economic activity,I,KOR,Korea,EMP,Employment,PS,Persons,_Z,Not applicable,Y,Calendar and seasonally adjusted,_T,Total,_T,Total,BTE,Industry (except construction),Q,Quarterly,2024-Q3,,4683.426,,,,A,Normal value,3,Thousands,0,Zero
DATAFLOW,OECD.SDD.TPS:DSD_LFS@DF_IALFS_EMP_ISIC4_Q(1.0),Employed population by economic activity,I,KOR,Korea,EMP,Employment,PS,Persons,_Z,Not applicable,Y,Calendar and seasonally adjusted,_T,Total,_T,Total,BTE,Industry (except construction),Q,Quarterly,2024-Q4,,4646.955,,,,A,Normal value,3,Thousands,0,Zero
DATAFLOW,OECD.SDD.TPS:DSD_LFS@DF_IALFS_EMP_ISIC4_Q(1.0),Employed population by economic activity,I,NZL,New Zealand,EMP,Employment,PS,Persons,_Z,Not applicable,Y,Calendar and seasonally adjusted,_T,Total,_T,Total,BTE,Industry (except construction),Q,Quarterly,2024-Q1,,285.3087,,,,A,Normal value,3,Thousands,0,Zero
DATAFLOW,OECD.SDD.TPS:DSD_LFS@DF_IALFS_EMP_ISIC4_Q(1.0),Employed population by economic activity,I,NZL,New Zealand,EMP,Employment,PS,Persons,_Z,Not applicable,Y,Calendar and seasonally adjusted,_T,Total,_T,Total,BTE,Industry (except construction),Q,Quarterly,2024-Q2,,281.5854,,,,A,Normal value,3,Thousands,0,Zero
DATAFLOW,OECD.SDD.TPS:DSD_LFS@DF_IALFS_EMP_ISIC4_Q(1.0),Employed population by economic activity,I,NZL,New Zealand,EMP,Employment,PS,Persons,_Z,Not applicable,Y,Calendar and seasonally adjusted,_T,Total,_T,Total,BTE,Industry (except construction),Q,Quarterly,2024-Q3,,282.9128,,,,A,Normal value,3,Thousands,0,Zero
DATAFLOW,OECD.SDD.TPS:DSD_LFS@DF_IALFS_EMP_ISIC4_Q(1.0),Employed population by economic activity,I,NZL,New Zealand,EMP,Employment,PS,Persons,_Z,Not applicable,Y,Calendar and seasonally adjusted,_T,Total,_T,Total,BTE,Industry (except construction),Q,Quarterly,2024-Q4,,287.0931,,,,A,Normal value,3,Thousands,0,Zero
DATAFLOW,OECD.SDD.TPS:DSD_LFS@DF_IALFS_EMP_ISIC4_Q(1.0),Employed population by economic activity,I,NZL,New Zealand,EMP,Employment,PS,Persons,_Z,Not applicable,Y,Calendar and seasonally adjusted,_T,Total,_T,Total,BTE,Industry (except construction),Q,Quarterly,2025-Q1,,283.14,,,,A,Normal value,3,Thousands,0,Zero
DATAFLOW,OECD.SDD.TPS:DSD_LFS@DF_IALFS_EMP_ISIC4_Q(1.0),Employed population by economic activity,I,NZL,New Zealand,EMP,Employment,PS,Persons,_Z,Not applicable,Y,Calendar and seasonally adjusted,_T,Total,_T,Total,BTE,Industry (except construction),Q,Quarterly,2025-Q2,,281.9939,,,,A,Normal value,3,Thousands,0,Zero
DATAFLOW,OECD.SDD.TPS:DSD_LFS@DF_IALFS_EMP_ISIC4_Q(1.0),Employed population by economic activity,I,ISL,Iceland,EMP,Employment,PS,Persons,_Z,Not applicable,Y,Calendar and seasonally adjusted,_T,Total,_T,Total,BTE,Industry (except construction),Q,Quarterly,2024-Q1,,20.2,,,,A,Normal value,3,Thousands,0,Zero
DATAFLOW,OECD.SDD.TPS:DSD_LFS@DF_IALFS_EMP_ISIC4_Q(1.0),Employed population by economic activity,I,ISL,Iceland,EMP,Employment,PS,Persons,_Z,Not applicable,Y,Calendar and seasonally adjusted,_T,Total,_T,Total,BTE,Industry (except construction),Q,Quarterly,2024-Q2,,24.3,,,,A,Normal value,3,Thousands,0,Zero
DATAFLOW,OECD.SDD.TPS:DSD_LFS@DF_IALFS_EMP_ISIC4_Q(1.0),Employed population by economic activity,I,ISL,Iceland,EMP,Employment,PS,Persons,_Z,Not applicable,Y,Calendar and seasonally adjusted,_T,Total,_T,Total,BTE,Industry (except construction),Q,Quarterly,2024-Q3,,24.1,,,,A,Normal value,3,Thousands,0,Zero
DATAFLOW,OECD.SDD.TPS:DSD_LFS@DF_IALFS_EMP_ISIC4_Q(1.0),Employed population by economic activity,I,ISL,Iceland,EMP,Employment,PS,Persons,_Z,Not applicable,Y,Calendar and seasonally adjusted,_T,Total,_T,Total,BTE,Industry (except construction),Q,Quarterly,2024-Q4,,22.5,,,,A,Normal value,3,Thousands,0,Zero
DATAFLOW,OECD.SDD.TPS:DSD_LFS@DF_IALFS_EMP_ISIC4_Q(1.0),Employed population by economic activity,I,DNK,Denmark,EMP,Employment,PS,Persons,_Z,Not applicable,Y,Calendar and seasonally adjusted,_T,Total,_T,Total,BTE,Industry (except construction),Q,Quarterly,2025-Q1,,403.4,,,,A,Normal value,3,Thousands,0,Zero
DATAFLOW,OECD.SDD.TPS:DSD_LFS@DF_IALFS_EMP_ISIC4_Q(1.0),Employed population by economic activity,I,PRT,Portugal,EMP,Employment,PS,Persons,_Z,Not applicable,Y,Calendar and seasonally adjusted,_T,Total,_T,Total,BTE,Industry (except construction),Q,Quarterly,2025-Q1,,924.4,,,,A,Normal value,3,Thousands,0,Zero
DATAFLOW,OECD.SDD.TPS:DSD_LFS@DF_IALFS_EMP_ISIC4_Q(1.0),Employed population by economic activity,I,SVK,Slovak Republic,EMP,Employment,PS,Persons,_Z,Not applicable,Y,Calendar and seasonally adjusted,_T,Total,_T,Total,BTE,Industry (except construction),Q,Quarterly,2025-Q1,,639.9,,,,A,Normal value,3,Thousands,0,Zero
DATAFLOW,OECD.SDD.TPS:DSD_LFS@DF_IALFS_EMP_ISIC4_Q(1.0),Employed population by economic activity,I,TUR,Türkiye,EMP,Employment,PS,Persons,_Z,Not applicable,Y,Calendar and seasonally adjusted,_T,Total,_T,Total,BTE,Industry (except construction),Q,Quarterly,2025-Q1,,6748,,,,A,Normal value,3,Thousands,0,Zero
DATAFLOW,OECD.SDD.TPS:DSD_LFS@DF_IALFS_EMP_ISIC4_Q(1.0),Employed population by economic activity,I,CZE,Czechia,EMP,Employment,PS,Persons,_Z,Not applicable,Y,Calendar and seasonally adjusted,_T,Total,_T,Total,BTE,Industry (except construction),Q,Quarterly,2025-Q1,,1422.3,,,,A,Normal value,3,Thousands,0,Zero
DATAFLOW,OECD.SDD.TPS:DSD_LFS@DF_IALFS_EMP_ISIC4_Q(1.0),Employed population by economic activity,I,ISR,Israel,EMP,Employment,PS,Persons,_Z,Not applicable,Y,Calendar and seasonally adjusted,_T,Total,_T,Total,BTE,Industry (except construction),Q,Quarterly,2024-Q1,,442.2885,,,,A,Normal value,3,Thousands,0,Zero
DATAFLOW,OECD.SDD.TPS:DSD_LFS@DF_IALFS_EMP_ISIC4_Q(1.0),Employed population by economic activity,I,ISR,Israel,EMP,Employment,PS,Persons,_Z,Not applicable,Y,Calendar and seasonally adjusted,_T,Total,_T,Total,BTE,Industry (except construction),Q,Quarterly,2024-Q2,,421.9146,,,,A,Normal value,3,Thousands,0,Zero
DATAFLOW,OECD.SDD.TPS:DSD_LFS@DF_IALFS_EMP_ISIC4_Q(1.0),Employed population by economic activity,I,ISR,Israel,EMP,Employment,PS,Persons,_Z,Not applicable,Y,Calendar and seasonally adjusted,_T,Total,_T,Total,BTE,Industry (except construction),Q,Quarterly,2024-Q3,,444.2819,,,,A,Normal value,3,Thousands,0,Zero
DATAFLOW,OECD.SDD.TPS:DSD_LFS@DF_IALFS_EMP_ISIC4_Q(1.0),Employed population by economic activity,I,ISR,Israel,EMP,Employment,PS,Persons,_Z,Not applicable,Y,Calendar and seasonally adjusted,_T,Total,_T,Total,BTE,Industry (except construction),Q,Quarterly,2024-Q4,,432.6216,,,,A,Normal value,3,Thousands,0,Zero
DATAFLOW,OECD.SDD.TPS:DSD_LFS@DF_IALFS_EMP_ISIC4_Q(1.0),Employed population by economic activity,I,ISR,Israel,EMP,Employment,PS,Persons,_Z,Not applicable,Y,Calendar and seasonally adjusted,_T,Total,_T,Total,BTE,Industry (except construction),Q,Quarterly,2025-Q1,,435.0188,,,,A,Normal value,3,Thousands,0,Zero
DATAFLOW,OECD.SDD.TPS:DSD_LFS@DF_IALFS_EMP_ISIC4_Q(1.0),Employed population by economic activity,I,ISR,Israel,EMP,Employment,PS,Persons,_Z,Not applicable,Y,Calendar and seasonally adjusted,_T,Total,_T,Total,BTE,Industry (except construction),Q,Quarterly,2025-Q2,,446.438,,,,A,Normal value,3,Thousands,0,Zero
DATAFLOW,OECD.SDD.TPS:DSD_LFS@DF_IALFS_EMP_ISIC4_Q(1.0),Employed population by economic activity,I,AUS,Australia,EMP,Employment,PS,Persons,_Z,Not applicable,Y,Calendar and seasonally adjusted,_T,Total,_T,Total,BTE,Industry (except construction),Q,Quarterly,2024-Q1,,1383.843,,,,A,Normal value,3,Thousands,0,Zero
DATAFLOW,OECD.SDD.TPS:DSD_LFS@DF_IALFS_EMP_ISIC4_Q(1.0),Employed population by economic activity,I,AUS,Australia,EMP,Employment,PS,Persons,_Z,Not applicable,Y,Calendar and seasonally adjusted,_T,Total,_T,Total,BTE,Industry (except construction),Q,Quarterly,2024-Q2,,1399.461,,,,A,Normal value,3,Thousands,0,Zero
DATAFLOW,OECD.SDD.TPS:DSD_LFS@DF_IALFS_EMP_ISIC4_Q(1.0),Employed population by economic activity,I,AUS,Australia,EMP,Employment,PS,Persons,_Z,Not applicable,Y,Calendar and seasonally adjusted,_T,Total,_T,Total,BTE,Industry (except construction),Q,Quarterly,2024-Q3,,1398.258,,,,A,Normal value,3,Thousands,0,Zero
DATAFLOW,OECD.SDD.TPS:DSD_LFS@DF_IALFS_EMP_ISIC4_Q(1.0),Employed population by economic activity,I,AUS,Australia,EMP,Employment,PS,Persons,_Z,Not applicable,Y,Calendar and seasonally adjusted,_T,Total,_T,Total,BTE,Industry (except construction),Q,Quarterly,2024-Q4,,1396.122,,,,A,Normal value,3,Thousands,0,Zero
DATAFLOW,OECD.SDD.TPS:DSD_LFS@DF_IALFS_EMP_ISIC4_Q(1.0),Employed population by economic activity,I,AUS,Australia,EMP,Employment,PS,Persons,_Z,Not applicable,Y,Calendar and seasonally adjusted,_T,Total,_T,Total,BTE,Industry (except construction),Q,Quarterly,2025-Q1,,1404.315,,,,A,Normal value,3,Thousands,0,Zero
DATAFLOW,OECD.SDD.TPS:DSD_LFS@DF_IALFS_EMP_ISIC4_Q(1.0),Employed population by economic activity,I,AUS,Australia,EMP,Employment,PS,Persons,_Z,Not applicable,Y,Calendar and seasonally adjusted,_T,Total,_T,Total,BTE,Industry (except construction),Q,Quarterly,2025-Q2,,1388.005,,,,A,Normal value,3,Thousands,0,Zero
DATAFLOW,OECD.SDD.TPS:DSD_LFS@DF_IALFS_EMP_ISIC4_Q(1.0),Employed population by economic activity,I,AUS,Australia,EMP,Employment,PS,Persons,_Z,Not applicable,Y,Calendar and seasonally adjusted,_T,Total,_T,Total,BTE,Industry (except construction),Q,Quarterly,2025-Q3,,1363.652,,,,A,Normal value,3,Thousands,0,Zero
DATAFLOW,OECD.SDD.TPS:DSD_LFS@DF_IALFS_EMP_ISIC4_Q(1.0),Employed population by economic activity,I,PRT,Portugal,EMP,Employment,PS,Persons,_Z,Not applicable,Y,Calendar and seasonally adjusted,_T,Total,_T,Total,BTE,Industry (except construction),Q,Quarterly,2024-Q1,,921,,,,A,Normal value,3,Thousands,0,Zero
DATAFLOW,OECD.SDD.TPS:DSD_LFS@DF_IALFS_EMP_ISIC4_Q(1.0),Employed population by economic activity,I,PRT,Portugal,EMP,Employment,PS,Persons,_Z,Not applicable,Y,Calendar and seasonally adjusted,_T,Total,_T,Total,BTE,Industry (except construction),Q,Quarterly,2024-Q2,,894.9,,,,A,Normal value,3,Thousands,0,Zero
DATAFLOW,OECD.SDD.TPS:DSD_LFS@DF_IALFS_EMP_ISIC4_Q(1.0),Employed population by economic activity,I,PRT,Portugal,EMP,Employment,PS,Persons,_Z,Not applicable,Y,Calendar and seasonally adjusted,_T,Total,_T,Total,BTE,Industry (except construction),Q,Quarterly,2024-Q3,,907.1,,,,A,Normal value,3,Thousands,0,Zero
DATAFLOW,OECD.SDD.TPS:DSD_LFS@DF_IALFS_EMP_ISIC4_Q(1.0),Employed population by economic activity,I,PRT,Portugal,EMP,Employment,PS,Persons,_Z,Not applicable,Y,Calendar and seasonally adjusted,_T,Total,_T,Total,BTE,Industry (except construction),Q,Quarterly,2024-Q4,,899.7,,,,A,Normal value,3,Thousands,0,Zero
DATAFLOW,OECD.SDD.TPS:DSD_LFS@DF_IALFS_EMP_ISIC4_Q(1.0),Employed population by economic activity,I,CAN,Canada,EMP,Employment,PS,Persons,_Z,Not applicable,Y,Calendar and seasonally adjusted,_T,Total,_T,Total,BTE,Industry (except construction),Q,Quarterly,2024-Q1,,2289.83,,,,A,Normal value,3,Thousands,0,Zero
DATAFLOW,OECD.SDD.TPS:DSD_LFS@DF_IALFS_EMP_ISIC4_Q(1.0),Employed population by economic activity,I,CAN,Canada,EMP,Employment,PS,Persons,_Z,Not applicable,Y,Calendar and seasonally adjusted,_T,Total,_T,Total,BTE,Industry (except construction),Q,Quarterly,2024-Q2,,2307.593,,,,A,Normal value,3,Thousands,0,Zero
DATAFLOW,OECD.SDD.TPS:DSD_LFS@DF_IALFS_EMP_ISIC4_Q(1.0),Employed population by economic activity,I,CAN,Canada,EMP,Employment,PS,Persons,_Z,Not applicable,Y,Calendar and seasonally adjusted,_T,Total,_T,Total,BTE,Industry (except construction),Q,Quarterly,2024-Q3,,2307.469,,,,A,Normal value,3,Thousands,0,Zero
DATAFLOW,OECD.SDD.TPS:DSD_LFS@DF_IALFS_EMP_ISIC4_Q(1.0),Employed population by economic activity,I,CAN,Canada,EMP,Employment,PS,Persons,_Z,Not applicable,Y,Calendar and seasonally adjusted,_T,Total,_T,Total,BTE,Industry (except construction),Q,Quarterly,2024-Q4,,2289.357,,,,A,Normal value,3,Thousands,0,Zero
DATAFLOW,OECD.SDD.TPS:DSD_LFS@DF_IALFS_EMP_ISIC4_Q(1.0),Employed population by economic activity,I,CAN,Canada,EMP,Employment,PS,Persons,_Z,Not applicable,Y,Calendar and seasonally adjusted,_T,Total,_T,Total,BTE,Industry (except construction),Q,Quarterly,2025-Q1,,2305.809,,,,A,Normal value,3,Thousands,0,Zero
DATAFLOW,OECD.SDD.TPS:DSD_LFS@DF_IALFS_EMP_ISIC4_Q(1.0),Employed population by economic activity,I,CAN,Canada,EMP,Employment,PS,Persons,_Z,Not applicable,Y,Calendar and seasonally adjusted,_T,Total,_T,Total,BTE,Industry (except construction),Q,Quarterly,2025-Q2,,2269.74,,,,A,Normal value,3,Thousands,0,Zero
DATAFLOW,OECD.SDD.TPS:DSD_LFS@DF_IALFS_EMP_ISIC4_Q(1.0),Employed population by economic activity,I,CAN,Canada,EMP,Employment,PS,Persons,_Z,Not applicable,Y,Calendar and seasonally adjusted,_T,Total,_T,Total,BTE,Industry (except construction),Q,Quarterly,2025-Q3,,2277.84,,,,A,Normal value,3,Thousands,0,Zero
DATAFLOW,OECD.SDD.TPS:DSD_LFS@DF_IALFS_EMP_ISIC4_Q(1.0),Employed population by economic activity,I,USA,United States,EMP,Employment,PS,Persons,_Z,Not applicable,Y,Calendar and seasonally adjusted,_T,Total,_T,Total,BTE,Industry (except construction),Q,Quarterly,2024-Q1,,15663.86,,,,A,Normal value,3,Thousands,0,Zero
DATAFLOW,OECD.SDD.TPS:DSD_LFS@DF_IALFS_EMP_ISIC4_Q(1.0),Employed population by economic activity,I,USA,United States,EMP,Employment,PS,Persons,_Z,Not applicable,Y,Calendar and seasonally adjusted,_T,Total,_T,Total,BTE,Industry (except construction),Q,Quarterly,2024-Q2,,15697.02,,,,A,Normal value,3,Thousands,0,Zero
DATAFLOW,OECD.SDD.TPS:DSD_LFS@DF_IALFS_EMP_ISIC4_Q(1.0),Employed population by economic activity,I,USA,United States,EMP,Employment,PS,Persons,_Z,Not applicable,Y,Calendar and seasonally adjusted,_T,Total,_T,Total,BTE,Industry (except construction),Q,Quarterly,2024-Q3,,15398.23,,,,A,Normal value,3,Thousands,0,Zero
DATAFLOW,OECD.SDD.TPS:DSD_LFS@DF_IALFS_EMP_ISIC4_Q(1.0),Employed population by economic activity,I,USA,United States,EMP,Employment,PS,Persons,_Z,Not applicable,Y,Calendar and seasonally adjusted,_T,Total,_T,Total,BTE,Industry (except construction),Q,Quarterly,2024-Q4,,15642.5,,,,A,Normal value,3,Thousands,0,Zero
DATAFLOW,OECD.SDD.TPS:DSD_LFS@DF_IALFS_EMP_ISIC4_Q(1.0),Employed population by economic activity,I,USA,United States,EMP,Employment,PS,Persons,_Z,Not applicable,Y,Calendar and seasonally adjusted,_T,Total,_T,Total,BTE,Industry (except construction),Q,Quarterly,2025-Q1,,15913.55,,,,A,Normal value,3,Thousands,0,Zero
DATAFLOW,OECD.SDD.TPS:DSD_LFS@DF_IALFS_EMP_ISIC4_Q(1.0),Employed population by economic activity,I,USA,United States,EMP,Employment,PS,Persons,_Z,Not applicable,Y,Calendar and seasonally adjusted,_T,Total,_T,Total,BTE,Industry (except construction),Q,Quarterly,2025-Q2,,15577.96,,,,A,Normal value,3,Thousands,0,Zero
DATAFLOW,OECD.SDD.TPS:DSD_LFS@DF_IALFS_EMP_ISIC4_Q(1.0),Employed population by economic activity,I,FRA,France,EMP,Employment,PS,Persons,_Z,Not applicable,Y,Calendar and seasonally adjusted,_T,Total,_T,Total,BTE,Industry (except construction),Q,Quarterly,2024-Q1,,3570.754,,,,A,Normal value,3,Thousands,0,Zero
DATAFLOW,OECD.SDD.TPS:DSD_LFS@DF_IALFS_EMP_ISIC4_Q(1.0),Employed population by economic activity,I,FRA,France,EMP,Employment,PS,Persons,_Z,Not applicable,Y,Calendar and seasonally adjusted,_T,Total,_T,Total,BTE,Industry (except construction),Q,Quarterly,2024-Q2,,3683.608,,,,A,Normal value,3,Thousands,0,Zero
DATAFLOW,OECD.SDD.TPS:DSD_LFS@DF_IALFS_EMP_ISIC4_Q(1.0),Employed population by economic activity,I,FRA,France,EMP,Employment,PS,Persons,_Z,Not applicable,Y,Calendar and seasonally adjusted,_T,Total,_T,Total,BTE,Industry (except construction),Q,Quarterly,2024-Q3,,3664.837,,,,A,Normal value,3,Thousands,0,Zero
DATAFLOW,OECD.SDD.TPS:DSD_LFS@DF_IALFS_EMP_ISIC4_Q(1.0),Employed population by economic activity,I,FRA,France,EMP,Employment,PS,Persons,_Z,Not applicable,Y,Calendar and seasonally adjusted,_T,Total,_T,Total,BTE,Industry (except construction),Q,Quarterly,2024-Q4,,3693.402,,,,A,Normal value,3,Thousands,0,Zero
DATAFLOW,OECD.SDD.TPS:DSD_LFS@DF_IALFS_EMP_ISIC4_Q(1.0),Employed population by economic activity,I,FRA,France,EMP,Employment,PS,Persons,_Z,Not applicable,Y,Calendar and seasonally adjusted,_T,Total,_T,Total,BTE,Industry (except construction),Q,Quarterly,2025-Q1,,3785.501,,,,A,Normal value,3,Thousands,0,Zero
DATAFLOW,OECD.SDD.TPS:DSD_LFS@DF_IALFS_EMP_ISIC4_Q(1.0),Employed population by economic activity,I,FRA,France,EMP,Employment,PS,Persons,_Z,Not applicable,Y,Calendar and seasonally adjusted,_T,Total,_T,Total,BTE,Industry (except construction),Q,Quarterly,2025-Q2,,3796.13,,,,A,Normal value,3,Thousands,0,Zero
DATAFLOW,OECD.SDD.TPS:DSD_LFS@DF_IALFS_EMP_ISIC4_Q(1.0),Employed population by economic activity,I,GRC,Greece,EMP,Employment,PS,Persons,_Z,Not applicable,Y,Calendar and seasonally adjusted,_T,Total,_T,Total,BTE,Industry (except construction),Q,Quarterly,2024-Q1,,513.5269,,,,A,Normal value,3,Thousands,0,Zero
DATAFLOW,OECD.SDD.TPS:DSD_LFS@DF_IALFS_EMP_ISIC4_Q(1.0),Employed population by economic activity,I,GRC,Greece,EMP,Employment,PS,Persons,_Z,Not applicable,Y,Calendar and seasonally adjusted,_T,Total,_T,Total,BTE,Industry (except construction),Q,Quarterly,2024-Q2,,508.2941,,,,A,Normal value,3,Thousands,0,Zero
DATAFLOW,OECD.SDD.TPS:DSD_LFS@DF_IALFS_EMP_ISIC4_Q(1.0),Employed population by economic activity,I,GRC,Greece,EMP,Employment,PS,Persons,_Z,Not applicable,Y,Calendar and seasonally adjusted,_T,Total,_T,Total,BTE,Industry (except construction),Q,Quarterly,2024-Q3,,515.7387,,,,A,Normal value,3,Thousands,0,Zero
DATAFLOW,OECD.SDD.TPS:DSD_LFS@DF_IALFS_EMP_ISIC4_Q(1.0),Employed population by economic activity,I,GRC,Greece,EMP,Employment,PS,Persons,_Z,Not applicable,Y,Calendar and seasonally adjusted,_T,Total,_T,Total,BTE,Industry (except construction),Q,Quarterly,2024-Q4,,515.0403,,,,A,Normal value,3,Thousands,0,Zero
DATAFLOW,OECD.SDD.TPS:DSD_LFS@DF_IALFS_EMP_ISIC4_Q(1.0),Employed population by economic activity,I,GRC,Greece,EMP,Employment,PS,Persons,_Z,Not applicable,Y,Calendar and seasonally adjusted,_T,Total,_T,Total,BTE,Industry (except construction),Q,Quarterly,2025-Q1,,506.7071,,,,A,Normal value,3,Thousands,0,Zero
DATAFLOW,OECD.SDD.TPS:DSD_LFS@DF_IALFS_EMP_ISIC4_Q(1.0),Employed population by economic activity,I,GRC,Greece,EMP,Employment,PS,Persons,_Z,Not applicable,Y,Calendar and seasonally adjusted,_T,Total,_T,Total,BTE,Industry (except construction),Q,Quarterly,2025-Q2,,514.6198,,,,A,Normal value,3,Thousands,0,Zero
DATAFLOW,OECD.SDD.TPS:DSD_LFS@DF_IALFS_EMP_ISIC4_Q(1.0),Employed population by economic activity,I,HUN,Hungary,EMP,Employment,PS,Persons,_Z,Not applicable,Y,Calendar and seasonally adjusted,_T,Total,_T,Total,BTE,Industry (except construction),Q,Quarterly,2024-Q1,,1067.916,,,,A,Normal value,3,Thousands,0,Zero
DATAFLOW,OECD.SDD.TPS:DSD_LFS@DF_IALFS_EMP_ISIC4_Q(1.0),Employed population by economic activity,I,HUN,Hungary,EMP,Employment,PS,Persons,_Z,Not applicable,Y,Calendar and seasonally adjusted,_T,Total,_T,Total,BTE,Industry (except construction),Q,Quarterly,2024-Q2,,1070.247,,,,A,Normal value,3,Thousands,0,Zero
DATAFLOW,OECD.SDD.TPS:DSD_LFS@DF_IALFS_EMP_ISIC4_Q(1.0),Employed population by economic activity,I,HUN,Hungary,EMP,Employment,PS,Persons,_Z,Not applicable,Y,Calendar and seasonally adjusted,_T,Total,_T,Total,BTE,Industry (except construction),Q,Quarterly,2024-Q3,,1066.101,,,,A,Normal value,3,Thousands,0,Zero
DATAFLOW,OECD.SDD.TPS:DSD_LFS@DF_IALFS_EMP_ISIC4_Q(1.0),Employed population by economic activity,I,HUN,Hungary,EMP,Employment,PS,Persons,_Z,Not applicable,Y,Calendar and seasonally adjusted,_T,Total,_T,Total,BTE,Industry (except construction),Q,Quarterly,2024-Q4,,1047.437,,,,A,Normal value,3,Thousands,0,Zero
DATAFLOW,OECD.SDD.TPS:DSD_LFS@DF_IALFS_EMP_ISIC4_Q(1.0),Employed population by economic activity,I,HUN,Hungary,EMP,Employment,PS,Persons,_Z,Not applicable,Y,Calendar and seasonally adjusted,_T,Total,_T,Total,BTE,Industry (except construction),Q,Quarterly,2025-Q1,,1046.414,,,,A,Normal value,3,Thousands,0,Zero
DATAFLOW,OECD.SDD.TPS:DSD_LFS@DF_IALFS_EMP_ISIC4_Q(1.0),Employed population by economic activity,I,HUN,Hungary,EMP,Employment,PS,Persons,_Z,Not applicable,Y,Calendar and seasonally adjusted,_T,Total,_T,Total,BTE,Industry (except construction),Q,Quarterly,2025-Q2,,1033.714,,,,A,Normal value,3,Thousands,0,Zero
DATAFLOW,OECD.SDD.TPS:DSD_LFS@DF_IALFS_EMP_ISIC4_Q(1.0),Employed population by economic activity,I,IRL,Ireland,EMP,Employment,PS,Persons,_Z,Not applicable,Y,Calendar and seasonally adjusted,_T,Total,_T,Total,BTE,Industry (except construction),Q,Quarterly,2024-Q1,,327.7062,,,,A,Normal value,3,Thousands,0,Zero
DATAFLOW,OECD.SDD.TPS:DSD_LFS@DF_IALFS_EMP_ISIC4_Q(1.0),Employed population by economic activity,I,IRL,Ireland,EMP,Employment,PS,Persons,_Z,Not applicable,Y,Calendar and seasonally adjusted,_T,Total,_T,Total,BTE,Industry (except construction),Q,Quarterly,2024-Q2,,336.1248,,,,A,Normal value,3,Thousands,0,Zero
DATAFLOW,OECD.SDD.TPS:DSD_LFS@DF_IALFS_EMP_ISIC4_Q(1.0),Employed population by economic activity,I,IRL,Ireland,EMP,Employment,PS,Persons,_Z,Not applicable,Y,Calendar and seasonally adjusted,_T,Total,_T,Total,BTE,Industry (except construction),Q,Quarterly,2024-Q3,,337.7713,,,,A,Normal value,3,Thousands,0,Zero
DATAFLOW,OECD.SDD.TPS:DSD_LFS@DF_IALFS_EMP_ISIC4_Q(1.0),Employed population by economic activity,I,IRL,Ireland,EMP,Employment,PS,Persons,_Z,Not applicable,Y,Calendar and seasonally adjusted,_T,Total,_T,Total,BTE,Industry (except construction),Q,Quarterly,2024-Q4,,339.0977,,,,A,Normal value,3,Thousands,0,Zero
DATAFLOW,OECD.SDD.TPS:DSD_LFS@DF_IALFS_EMP_ISIC4_Q(1.0),Employed population by economic activity,I,IRL,Ireland,EMP,Employment,PS,Persons,_Z,Not applicable,Y,Calendar and seasonally adjusted,_T,Total,_T,Total,BTE,Industry (except construction),Q,Quarterly,2025-Q1,,335.8015,,,,A,Normal value,3,Thousands,0,Zero
DATAFLOW,OECD.SDD.TPS:DSD_LFS@DF_IALFS_EMP_ISIC4_Q(1.0),Employed population by economic activity,I,IRL,Ireland,EMP,Employment,PS,Persons,_Z,Not applicable,Y,Calendar and seasonally adjusted,_T,Total,_T,Total,BTE,Industry (except construction),Q,Quarterly,2025-Q2,,341.5147,,,,A,Normal value,3,Thousands,0,Zero
DATAFLOW,OECD.SDD.TPS:DSD_LFS@DF_IALFS_EMP_ISIC4_Q(1.0),Employed population by economic activity,I,ITA,Italy,EMP,Employment,PS,Persons,_Z,Not applicable,Y,Calendar and seasonally adjusted,_T,Total,_T,Total,BTE,Industry (except construction),Q,Quarterly,2024-Q1,,4776.682,,,,A,Normal value,3,Thousands,0,Zero
DATAFLOW,OECD.SDD.TPS:DSD_LFS@DF_IALFS_EMP_ISIC4_Q(1.0),Employed population by economic activity,I,ITA,Italy,EMP,Employment,PS,Persons,_Z,Not applicable,Y,Calendar and seasonally adjusted,_T,Total,_T,Total,BTE,Industry (except construction),Q,Quarterly,2024-Q2,,4744.572,,,,A,Normal value,3,Thousands,0,Zero
DATAFLOW,OECD.SDD.TPS:DSD_LFS@DF_IALFS_EMP_ISIC4_Q(1.0),Employed population by economic activity,I,ITA,Italy,EMP,Employment,PS,Persons,_Z,Not applicable,Y,Calendar and seasonally adjusted,_T,Total,_T,Total,BTE,Industry (except construction),Q,Quarterly,2024-Q3,,4780.754,,,,A,Normal value,3,Thousands,0,Zero
DATAFLOW,OECD.SDD.TPS:DSD_LFS@DF_IALFS_EMP_ISIC4_Q(1.0),Employed population by economic activity,I,ITA,Italy,EMP,Employment,PS,Persons,_Z,Not applicable,Y,Calendar and seasonally adjusted,_T,Total,_T,Total,BTE,Industry (except construction),Q,Quarterly,2024-Q4,,4812.393,,,,A,Normal value,3,Thousands,0,Zero
DATAFLOW,OECD.SDD.TPS:DSD_LFS@DF_IALFS_EMP_ISIC4_Q(1.0),Employed population by economic activity,I,ITA,Italy,EMP,Employment,PS,Persons,_Z,Not applicable,Y,Calendar and seasonally adjusted,_T,Total,_T,Total,BTE,Industry (except construction),Q,Quarterly,2025-Q1,,4806.473,,,,A,Normal value,3,Thousands,0,Zero
DATAFLOW,OECD.SDD.TPS:DSD_LFS@DF_IALFS_EMP_ISIC4_Q(1.0),Employed population by economic activity,I,ITA,Italy,EMP,Employment,PS,Persons,_Z,Not applicable,Y,Calendar and seasonally adjusted,_T,Total,_T,Total,BTE,Industry (except construction),Q,Quarterly,2025-Q2,,4827.454,,,,A,Normal value,3,Thousands,0,Zero
DATAFLOW,OECD.SDD.TPS:DSD_LFS@DF_IALFS_EMP_ISIC4_Q(1.0),Employed population by economic activity,I,NLD,Netherlands,EMP,Employment,PS,Persons,_Z,Not applicable,Y,Calendar and seasonally adjusted,_T,Total,_T,Total,BTE,Industry (except construction),Q,Quarterly,2024-Q1,,907.2239,,,,A,Normal value,3,Thousands,0,Zero
DATAFLOW,OECD.SDD.TPS:DSD_LFS@DF_IALFS_EMP_ISIC4_Q(1.0),Employed population by economic activity,I,NLD,Netherlands,EMP,Employment,PS,Persons,_Z,Not applicable,Y,Calendar and seasonally adjusted,_T,Total,_T,Total,BTE,Industry (except construction),Q,Quarterly,2024-Q2,,895.2042,,,,A,Normal value,3,Thousands,0,Zero
DATAFLOW,OECD.SDD.TPS:DSD_LFS@DF_IALFS_EMP_ISIC4_Q(1.0),Employed population by economic activity,I,NLD,Netherlands,EMP,Employment,PS,Persons,_Z,Not applicable,Y,Calendar and seasonally adjusted,_T,Total,_T,Total,BTE,Industry (except construction),Q,Quarterly,2024-Q3,,902.2025,,,,A,Normal value,3,Thousands,0,Zero
DATAFLOW,OECD.SDD.TPS:DSD_LFS@DF_IALFS_EMP_ISIC4_Q(1.0),Employed population by economic activity,I,NLD,Netherlands,EMP,Employment,PS,Persons,_Z,Not applicable,Y,Calendar and seasonally adjusted,_T,Total,_T,Total,BTE,Industry (except construction),Q,Quarterly,2024-Q4,,890.8694,,,,A,Normal value,3,Thousands,0,Zero
DATAFLOW,OECD.SDD.TPS:DSD_LFS@DF_IALFS_EMP_ISIC4_Q(1.0),Employed population by economic activity,I,NLD,Netherlands,EMP,Employment,PS,Persons,_Z,Not applicable,Y,Calendar and seasonally adjusted,_T,Total,_T,Total,BTE,Industry (except construction),Q,Quarterly,2025-Q1,,904.043,,,,A,Normal value,3,Thousands,0,Zero
DATAFLOW,OECD.SDD.TPS:DSD_LFS@DF_IALFS_EMP_ISIC4_Q(1.0),Employed population by economic activity,I,NLD,Netherlands,EMP,Employment,PS,Persons,_Z,Not applicable,Y,Calendar and seasonally adjusted,_T,Total,_T,Total,BTE,Industry (except construction),Q,Quarterly,2025-Q2,,891.7866,,,,A,Normal value,3,Thousands,0,Zero
DATAFLOW,OECD.SDD.TPS:DSD_LFS@DF_IALFS_EMP_ISIC4_Q(1.0),Employed population by economic activity,I,POL,Poland,EMP,Employment,PS,Persons,_Z,Not applicable,Y,Calendar and seasonally adjusted,_T,Total,_T,Total,BTE,Industry (except construction),Q,Quarterly,2024-Q1,,3804.061,,,,A,Normal value,3,Thousands,0,Zero
DATAFLOW,OECD.SDD.TPS:DSD_LFS@DF_IALFS_EMP_ISIC4_Q(1.0),Employed population by economic activity,I,POL,Poland,EMP,Employment,PS,Persons,_Z,Not applicable,Y,Calendar and seasonally adjusted,_T,Total,_T,Total,BTE,Industry (except construction),Q,Quarterly,2024-Q2,,3866.259,,,,A,Normal value,3,Thousands,0,Zero
DATAFLOW,OECD.SDD.TPS:DSD_LFS@DF_IALFS_EMP_ISIC4_Q(1.0),Employed population by economic activity,I,POL,Poland,EMP,Employment,PS,Persons,_Z,Not applicable,Y,Calendar and seasonally adjusted,_T,Total,_T,Total,BTE,Industry (except construction),Q,Quarterly,2024-Q3,,3874.023,,,,A,Normal value,3,Thousands,0,Zero
DATAFLOW,OECD.SDD.TPS:DSD_LFS@DF_IALFS_EMP_ISIC4_Q(1.0),Employed population by economic activity,I,POL,Poland,EMP,Employment,PS,Persons,_Z,Not applicable,Y,Calendar and seasonally adjusted,_T,Total,_T,Total,BTE,Industry (except construction),Q,Quarterly,2024-Q4,,3881.858,,,,A,Normal value,3,Thousands,0,Zero
DATAFLOW,OECD.SDD.TPS:DSD_LFS@DF_IALFS_EMP_ISIC4_Q(1.0),Employed population by economic activity,I,POL,Poland,EMP,Employment,PS,Persons,_Z,Not applicable,Y,Calendar and seasonally adjusted,_T,Total,_T,Total,BTE,Industry (except construction),Q,Quarterly,2025-Q1,,3883.444,,,,A,Normal value,3,Thousands,0,Zero
DATAFLOW,OECD.SDD.TPS:DSD_LFS@DF_IALFS_EMP_ISIC4_Q(1.0),Employed population by economic activity,I,POL,Poland,EMP,Employment,PS,Persons,_Z,Not applicable,Y,Calendar and seasonally adjusted,_T,Total,_T,Total,BTE,Industry (except construction),Q,Quarterly,2025-Q2,,3891.936,,,,A,Normal value,3,Thousands,0,Zero
DATAFLOW,OECD.SDD.TPS:DSD_LFS@DF_IALFS_EMP_ISIC4_Q(1.0),Employed population by economic activity,I,SVN,Slovenia,EMP,Employment,PS,Persons,_Z,Not applicable,Y,Calendar and seasonally adjusted,_T,Total,_T,Total,BTE,Industry (except construction),Q,Quarterly,2024-Q1,,252.4792,,,,A,Normal value,3,Thousands,0,Zero
DATAFLOW,OECD.SDD.TPS:DSD_LFS@DF_IALFS_EMP_ISIC4_Q(1.0),Employed population by economic activity,I,SVN,Slovenia,EMP,Employment,PS,Persons,_Z,Not applicable,Y,Calendar and seasonally adjusted,_T,Total,_T,Total,BTE,Industry (except construction),Q,Quarterly,2024-Q2,,255.0113,,,,A,Normal value,3,Thousands,0,Zero
DATAFLOW,OECD.SDD.TPS:DSD_LFS@DF_IALFS_EMP_ISIC4_Q(1.0),Employed population by economic activity,I,SVN,Slovenia,EMP,Employment,PS,Persons,_Z,Not applicable,Y,Calendar and seasonally adjusted,_T,Total,_T,Total,BTE,Industry (except construction),Q,Quarterly,2024-Q3,,249.5818,,,,A,Normal value,3,Thousands,0,Zero
DATAFLOW,OECD.SDD.TPS:DSD_LFS@DF_IALFS_EMP_ISIC4_Q(1.0),Employed population by economic activity,I,SVN,Slovenia,EMP,Employment,PS,Persons,_Z,Not applicable,Y,Calendar and seasonally adjusted,_T,Total,_T,Total,BTE,Industry (except construction),Q,Quarterly,2024-Q4,,261.8278,,,,A,Normal value,3,Thousands,0,Zero
DATAFLOW,OECD.SDD.TPS:DSD_LFS@DF_IALFS_EMP_ISIC4_Q(1.0),Employed population by economic activity,I,SVN,Slovenia,EMP,Employment,PS,Persons,_Z,Not applicable,Y,Calendar and seasonally adjusted,_T,Total,_T,Total,BTE,Industry (except construction),Q,Quarterly,2025-Q1,,257.1942,,,,A,Normal value,3,Thousands,0,Zero
DATAFLOW,OECD.SDD.TPS:DSD_LFS@DF_IALFS_EMP_ISIC4_Q(1.0),Employed population by economic activity,I,SVN,Slovenia,EMP,Employment,PS,Persons,_Z,Not applicable,Y,Calendar and seasonally adjusted,_T,Total,_T,Total,BTE,Industry (except construction),Q,Quarterly,2025-Q2,,249.4073,,,,A,Normal value,3,Thousands,0,Zero
DATAFLOW,OECD.SDD.TPS:DSD_LFS@DF_IALFS_EMP_ISIC4_Q(1.0),Employed population by economic activity,I,ESP,Spain,EMP,Employment,PS,Persons,_Z,Not applicable,Y,Calendar and seasonally adjusted,_T,Total,_T,Total,BTE,Industry (except construction),Q,Quarterly,2024-Q1,,2855.462,,,,A,Normal value,3,Thousands,0,Zero
DATAFLOW,OECD.SDD.TPS:DSD_LFS@DF_IALFS_EMP_ISIC4_Q(1.0),Employed population by economic activity,I,ESP,Spain,EMP,Employment,PS,Persons,_Z,Not applicable,Y,Calendar and seasonally adjusted,_T,Total,_T,Total,BTE,Industry (except construction),Q,Quarterly,2024-Q2,,2892.672,,,,A,Normal value,3,Thousands,0,Zero
DATAFLOW,OECD.SDD.TPS:DSD_LFS@DF_IALFS_EMP_ISIC4_Q(1.0),Employed population by economic activity,I,ESP,Spain,EMP,Employment,PS,Persons,_Z,Not applicable,Y,Calendar and seasonally adjusted,_T,Total,_T,Total,BTE,Industry (except construction),Q,Quarterly,2024-Q3,,2890.169,,,,A,Normal value,3,Thousands,0,Zero
DATAFLOW,OECD.SDD.TPS:DSD_LFS@DF_IALFS_EMP_ISIC4_Q(1.0),Employed population by economic activity,I,ESP,Spain,EMP,Employment,PS,Persons,_Z,Not applicable,Y,Calendar and seasonally adjusted,_T,Total,_T,Total,BTE,Industry (except construction),Q,Quarterly,2024-Q4,,2908.996,,,,A,Normal value,3,Thousands,0,Zero
DATAFLOW,OECD.SDD.TPS:DSD_LFS@DF_IALFS_EMP_ISIC4_Q(1.0),Employed population by economic activity,I,ESP,Spain,EMP,Employment,PS,Persons,_Z,Not applicable,Y,Calendar and seasonally adjusted,_T,Total,_T,Total,BTE,Industry (except construction),Q,Quarterly,2025-Q1,,2945.868,,,,A,Normal value,3,Thousands,0,Zero
DATAFLOW,OECD.SDD.TPS:DSD_LFS@DF_IALFS_EMP_ISIC4_Q(1.0),Employed population by economic activity,I,ESP,Spain,EMP,Employment,PS,Persons,_Z,Not applicable,Y,Calendar and seasonally adjusted,_T,Total,_T,Total,BTE,Industry (except construction),Q,Quarterly,2025-Q2,,3009.124,,,,A,Normal value,3,Thousands,0,Zero
DATAFLOW,OECD.SDD.TPS:DSD_LFS@DF_IALFS_EMP_ISIC4_Q(1.0),Employed population by economic activity,I,EA20,Euro area (20 countries),EMP,Employment,PS,Persons,_Z,Not applicable,Y,Calendar and seasonally adjusted,_T,Total,_T,Total,BTE,Industry (except construction),Q,Quarterly,2024-Q1,,26017.98,,,,A,Normal value,3,Thousands,0,Zero
DATAFLOW,OECD.SDD.TPS:DSD_LFS@DF_IALFS_EMP_ISIC4_Q(1.0),Employed population by economic activity,I,EA20,Euro area (20 countries),EMP,Employment,PS,Persons,_Z,Not applicable,Y,Calendar and seasonally adjusted,_T,Total,_T,Total,BTE,Industry (except construction),Q,Quarterly,2024-Q2,,26089.97,,,,A,Normal value,3,Thousands,0,Zero
DATAFLOW,OECD.SDD.TPS:DSD_LFS@DF_IALFS_EMP_ISIC4_Q(1.0),Employed population by economic activity,I,EA20,Euro area (20 countries),EMP,Employment,PS,Persons,_Z,Not applicable,Y,Calendar and seasonally adjusted,_T,Total,_T,Total,BTE,Industry (except construction),Q,Quarterly,2024-Q3,,26143.76,,,,A,Normal value,3,Thousands,0,Zero
DATAFLOW,OECD.SDD.TPS:DSD_LFS@DF_IALFS_EMP_ISIC4_Q(1.0),Employed population by economic activity,I,EA20,Euro area (20 countries),EMP,Employment,PS,Persons,_Z,Not applicable,Y,Calendar and seasonally adjusted,_T,Total,_T,Total,BTE,Industry (except construction),Q,Quarterly,2024-Q4,,26225.7,,,,A,Normal value,3,Thousands,0,Zero
DATAFLOW,OECD.SDD.TPS:DSD_LFS@DF_IALFS_EMP_ISIC4_Q(1.0),Employed population by economic activity,I,EA20,Euro area (20 countries),EMP,Employment,PS,Persons,_Z,Not applicable,Y,Calendar and seasonally adjusted,_T,Total,_T,Total,BTE,Industry (except construction),Q,Quarterly,2025-Q1,,26297.8,,,,A,Normal value,3,Thousands,0,Zero
DATAFLOW,OECD.SDD.TPS:DSD_LFS@DF_IALFS_EMP_ISIC4_Q(1.0),Employed population by economic activity,I,EA20,Euro area (20 countries),EMP,Employment,PS,Persons,_Z,Not applicable,Y,Calendar and seasonally adjusted,_T,Total,_T,Total,BTE,Industry (except construction),Q,Quarterly,2025-Q2,,26377.96,,,,A,Normal value,3,Thousands,0,Zero
DATAFLOW,OECD.SDD.TPS:DSD_LFS@DF_IALFS_EMP_ISIC4_Q(1.0),Employed population by economic activity,I,NOR,Norway,EMP,Employment,PS,Persons,_Z,Not applicable,Y,Calendar and seasonally adjusted,_T,Total,_T,Total,BTE,Industry (except construction),Q,Quarterly,2024-Q1,,287.4857,,,,A,Normal value,3,Thousands,0,Zero
DATAFLOW,OECD.SDD.TPS:DSD_LFS@DF_IALFS_EMP_ISIC4_Q(1.0),Employed population by economic activity,I,NOR,Norway,EMP,Employment,PS,Persons,_Z,Not applicable,Y,Calendar and seasonally adjusted,_T,Total,_T,Total,BTE,Industry (except construction),Q,Quarterly,2024-Q2,,286.0632,,,,A,Normal value,3,Thousands,0,Zero
DATAFLOW,OECD.SDD.TPS:DSD_LFS@DF_IALFS_EMP_ISIC4_Q(1.0),Employed population by economic activity,I,NOR,Norway,EMP,Employment,PS,Persons,_Z,Not applicable,Y,Calendar and seasonally adjusted,_T,Total,_T,Total,BTE,Industry (except construction),Q,Quarterly,2024-Q3,,284.8302,,,,A,Normal value,3,Thousands,0,Zero
DATAFLOW,OECD.SDD.TPS:DSD_LFS@DF_IALFS_EMP_ISIC4_Q(1.0),Employed population by economic activity,I,NOR,Norway,EMP,Employment,PS,Persons,_Z,Not applicable,Y,Calendar and seasonally adjusted,_T,Total,_T,Total,BTE,Industry (except construction),Q,Quarterly,2024-Q4,,284.0209,,,,A,Normal value,3,Thousands,0,Zero
DATAFLOW,OECD.SDD.TPS:DSD_LFS@DF_IALFS_EMP_ISIC4_Q(1.0),Employed population by economic activity,I,NOR,Norway,EMP,Employment,PS,Persons,_Z,Not applicable,Y,Calendar and seasonally adjusted,_T,Total,_T,Total,BTE,Industry (except construction),Q,Quarterly,2025-Q1,,285.6789,,,,A,Normal value,3,Thousands,0,Zero
DATAFLOW,OECD.SDD.TPS:DSD_LFS@DF_IALFS_EMP_ISIC4_Q(1.0),Employed population by economic activity,I,NOR,Norway,EMP,Employment,PS,Persons,_Z,Not applicable,Y,Calendar and seasonally adjusted,_T,Total,_T,Total,BTE,Industry (except construction),Q,Quarterly,2025-Q2,,284.5218,,,,A,Normal value,3,Thousands,0,Zero
DATAFLOW,OECD.SDD.TPS:DSD_LFS@DF_IALFS_EMP_ISIC4_Q(1.0),Employed population by economic activity,I,SWE,Sweden,EMP,Employment,PS,Persons,_Z,Not applicable,Y,Calendar and seasonally adjusted,_T,Total,_T,Total,BTE,Industry (except construction),Q,Quarterly,2024-Q1,,582.6964,,,,A,Normal value,3,Thousands,0,Zero
DATAFLOW,OECD.SDD.TPS:DSD_LFS@DF_IALFS_EMP_ISIC4_Q(1.0),Employed population by economic activity,I,SWE,Sweden,EMP,Employment,PS,Persons,_Z,Not applicable,Y,Calendar and seasonally adjusted,_T,Total,_T,Total,BTE,Industry (except construction),Q,Quarterly,2024-Q2,,574.2943,,,,A,Normal value,3,Thousands,0,Zero
DATAFLOW,OECD.SDD.TPS:DSD_LFS@DF_IALFS_EMP_ISIC4_Q(1.0),Employed population by economic activity,I,SWE,Sweden,EMP,Employment,PS,Persons,_Z,Not applicable,Y,Calendar and seasonally adjusted,_T,Total,_T,Total,BTE,Industry (except construction),Q,Quarterly,2024-Q3,,573.4089,,,,A,Normal value,3,Thousands,0,Zero
DATAFLOW,OECD.SDD.TPS:DSD_LFS@DF_IALFS_EMP_ISIC4_Q(1.0),Employed population by economic activity,I,SWE,Sweden,EMP,Employment,PS,Persons,_Z,Not applicable,Y,Calendar and seasonally adjusted,_T,Total,_T,Total,BTE,Industry (except construction),Q,Quarterly,2024-Q4,,565.9003,,,,A,Normal value,3,Thousands,0,Zero
DATAFLOW,OECD.SDD.TPS:DSD_LFS@DF_IALFS_EMP_ISIC4_Q(1.0),Employed population by economic activity,I,SWE,Sweden,EMP,Employment,PS,Persons,_Z,Not applicable,Y,Calendar and seasonally adjusted,_T,Total,_T,Total,BTE,Industry (except construction),Q,Quarterly,2025-Q1,,567.1406,,,,A,Normal value,3,Thousands,0,Zero
DATAFLOW,OECD.SDD.TPS:DSD_LFS@DF_IALFS_EMP_ISIC4_Q(1.0),Employed population by economic activity,I,SWE,Sweden,EMP,Employment,PS,Persons,_Z,Not applicable,Y,Calendar and seasonally adjusted,_T,Total,_T,Total,BTE,Industry (except construction),Q,Quarterly,2025-Q2,,568.5507,,,,A,Normal value,3,Thousands,0,Zero
DATAFLOW,OECD.SDD.TPS:DSD_LFS@DF_IALFS_EMP_ISIC4_Q(1.0),Employed population by economic activity,I,EU27_2020,European Union (27 countries from 01/02/2020),EMP,Employment,PS,Persons,_Z,Not applicable,Y,Calendar and seasonally adjusted,_T,Total,_T,Total,BTE,Industry (except construction),Q,Quarterly,2024-Q1,,35734.15,,,,A,Normal value,3,Thousands,0,Zero
DATAFLOW,OECD.SDD.TPS:DSD_LFS@DF_IALFS_EMP_ISIC4_Q(1.0),Employed population by economic activity,I,EU27_2020,European Union (27 countries from 01/02/2020),EMP,Employment,PS,Persons,_Z,Not applicable,Y,Calendar and seasonally adjusted,_T,Total,_T,Total,BTE,Industry (except construction),Q,Quarterly,2024-Q2,,35839.14,,,,A,Normal value,3,Thousands,0,Zero
DATAFLOW,OECD.SDD.TPS:DSD_LFS@DF_IALFS_EMP_ISIC4_Q(1.0),Employed population by economic activity,I,EU27_2020,European Union (27 countries from 01/02/2020),EMP,Employment,PS,Persons,_Z,Not applicable,Y,Calendar and seasonally adjusted,_T,Total,_T,Total,BTE,Industry (except construction),Q,Quarterly,2024-Q3,,35707.51,,,,A,Normal value,3,Thousands,0,Zero
DATAFLOW,OECD.SDD.TPS:DSD_LFS@DF_IALFS_EMP_ISIC4_Q(1.0),Employed population by economic activity,I,EU27_2020,European Union (27 countries from 01/02/2020),EMP,Employment,PS,Persons,_Z,Not applicable,Y,Calendar and seasonally adjusted,_T,Total,_T,Total,BTE,Industry (except construction),Q,Quarterly,2024-Q4,,35685.7,,,,A,Normal value,3,Thousands,0,Zero
DATAFLOW,OECD.SDD.TPS:DSD_LFS@DF_IALFS_EMP_ISIC4_Q(1.0),Employed population by economic activity,I,EU27_2020,European Union (27 countries from 01/02/2020),EMP,Employment,PS,Persons,_Z,Not applicable,Y,Calendar and seasonally adjusted,_T,Total,_T,Total,BTE,Industry (except construction),Q,Quarterly,2025-Q1,,35820.95,,,,A,Normal value,3,Thousands,0,Zero
DATAFLOW,OECD.SDD.TPS:DSD_LFS@DF_IALFS_EMP_ISIC4_Q(1.0),Employed population by economic activity,I,EU27_2020,European Union (27 countries from 01/02/2020),EMP,Employment,PS,Persons,_Z,Not applicable,Y,Calendar and seasonally adjusted,_T,Total,_T,Total,BTE,Industry (except construction),Q,Quarterly,2025-Q2,,35969.66,,,,A,Normal value,3,Thousands,0,Zero
DATAFLOW,OECD.SDD.TPS:DSD_LFS@DF_IALFS_EMP_ISIC4_Q(1.0),Employed population by economic activity,I,ROU,Romania,EMP,Employment,PS,Persons,_Z,Not applicable,Y,Calendar and seasonally adjusted,_T,Total,_T,Total,BTE,Industry (except construction),Q,Quarterly,2024-Q1,,1763.582,,,,A,Normal value,3,Thousands,0,Zero
DATAFLOW,OECD.SDD.TPS:DSD_LFS@DF_IALFS_EMP_ISIC4_Q(1.0),Employed population by economic activity,I,ROU,Romania,EMP,Employment,PS,Persons,_Z,Not applicable,Y,Calendar and seasonally adjusted,_T,Total,_T,Total,BTE,Industry (except construction),Q,Quarterly,2024-Q2,,1744.895,,,,A,Normal value,3,Thousands,0,Zero
DATAFLOW,OECD.SDD.TPS:DSD_LFS@DF_IALFS_EMP_ISIC4_Q(1.0),Employed population by economic activity,I,ROU,Romania,EMP,Employment,PS,Persons,_Z,Not applicable,Y,Calendar and seasonally adjusted,_T,Total,_T,Total,BTE,Industry (except construction),Q,Quarterly,2024-Q3,,1700.292,,,,A,Normal value,3,Thousands,0,Zero
DATAFLOW,OECD.SDD.TPS:DSD_LFS@DF_IALFS_EMP_ISIC4_Q(1.0),Employed population by economic activity,I,ROU,Romania,EMP,Employment,PS,Persons,_Z,Not applicable,Y,Calendar and seasonally adjusted,_T,Total,_T,Total,BTE,Industry (except construction),Q,Quarterly,2024-Q4,,1689.031,,,,A,Normal value,3,Thousands,0,Zero
DATAFLOW,OECD.SDD.TPS:DSD_LFS@DF_IALFS_EMP_ISIC4_Q(1.0),Employed population by economic activity,I,ROU,Romania,EMP,Employment,PS,Persons,_Z,Not applicable,Y,Calendar and seasonally adjusted,_T,Total,_T,Total,BTE,Industry (except construction),Q,Quarterly,2025-Q1,,1640.83,,,,A,Normal value,3,Thousands,0,Zero
DATAFLOW,OECD.SDD.TPS:DSD_LFS@DF_IALFS_EMP_ISIC4_Q(1.0),Employed population by economic activity,I,ROU,Romania,EMP,Employment,PS,Persons,_Z,Not applicable,Y,Calendar and seasonally adjusted,_T,Total,_T,Total,BTE,Industry (except construction),Q,Quarterly,2025-Q2,,1649.241,,,,A,Normal value,3,Thousands,0,Zero
DATAFLOW,OECD.SDD.TPS:DSD_LFS@DF_IALFS_EMP_ISIC4_Q(1.0),Employed population by economic activity,I,CZE,Czechia,EMP,Employment,PS,Persons,_Z,Not applicable,Y,Calendar and seasonally adjusted,_T,Total,_T,Total,BTE,Industry (except construction),Q,Quarterly,2025-Q2,,1417.8,,,,A,Normal value,3,Thousands,0,Zero
DATAFLOW,OECD.SDD.TPS:DSD_LFS@DF_IALFS_EMP_ISIC4_Q(1.0),Employed population by economic activity,I,DNK,Denmark,EMP,Employment,PS,Persons,_Z,Not applicable,Y,Calendar and seasonally adjusted,_T,Total,_T,Total,BTE,Industry (except construction),Q,Quarterly,2025-Q2,,407.2,,,,A,Normal value,3,Thousands,0,Zero
DATAFLOW,OECD.SDD.TPS:DSD_LFS@DF_IALFS_EMP_ISIC4_Q(1.0),Employed population by economic activity,I,LUX,Luxembourg,EMP,Employment,PS,Persons,_Z,Not applicable,Y,Calendar and seasonally adjusted,_T,Total,_T,Total,BTE,Industry (except construction),Q,Quarterly,2025-Q2,,7.9,,,,A,Normal value,3,Thousands,0,Zero
DATAFLOW,OECD.SDD.TPS:DSD_LFS@DF_IALFS_EMP_ISIC4_Q(1.0),Employed population by economic activity,I,PRT,Portugal,EMP,Employment,PS,Persons,_Z,Not applicable,Y,Calendar and seasonally adjusted,_T,Total,_T,Total,BTE,Industry (except construction),Q,Quarterly,2025-Q2,,930.7,,,,A,Normal value,3,Thousands,0,Zero
DATAFLOW,OECD.SDD.TPS:DSD_LFS@DF_IALFS_EMP_ISIC4_Q(1.0),Employed population by economic activity,I,SVK,Slovak Republic,EMP,Employment,PS,Persons,_Z,Not applicable,Y,Calendar and seasonally adjusted,_T,Total,_T,Total,BTE,Industry (except construction),Q,Quarterly,2025-Q2,,647.3,,,,A,Normal value,3,Thousands,0,Zero
DATAFLOW,OECD.SDD.TPS:DSD_LFS@DF_IALFS_EMP_ISIC4_Q(1.0),Employed population by economic activity,I,FIN,Finland,EMP,Employment,PS,Persons,_Z,Not applicable,Y,Calendar and seasonally adjusted,_T,Total,_T,Total,BTE,Industry (except construction),Q,Quarterly,2024-Q1,,372.0513,,,,A,Normal value,3,Thousands,0,Zero
DATAFLOW,OECD.SDD.TPS:DSD_LFS@DF_IALFS_EMP_ISIC4_Q(1.0),Employed population by economic activity,I,FIN,Finland,EMP,Employment,PS,Persons,_Z,Not applicable,Y,Calendar and seasonally adjusted,_T,Total,_T,Total,BTE,Industry (except construction),Q,Quarterly,2024-Q2,,373.2435,,,,A,Normal value,3,Thousands,0,Zero
DATAFLOW,OECD.SDD.TPS:DSD_LFS@DF_IALFS_EMP_ISIC4_Q(1.0),Employed population by economic activity,I,FIN,Finland,EMP,Employment,PS,Persons,_Z,Not applicable,Y,Calendar and seasonally adjusted,_T,Total,_T,Total,BTE,Industry (except construction),Q,Quarterly,2024-Q3,,369.6573,,,,A,Normal value,3,Thousands,0,Zero
DATAFLOW,OECD.SDD.TPS:DSD_LFS@DF_IALFS_EMP_ISIC4_Q(1.0),Employed population by economic activity,I,FIN,Finland,EMP,Employment,PS,Persons,_Z,Not applicable,Y,Calendar and seasonally adjusted,_T,Total,_T,Total,BTE,Industry (except construction),Q,Quarterly,2024-Q4,,368.2479,,,,A,Normal value,3,Thousands,0,Zero
DATAFLOW,OECD.SDD.TPS:DSD_LFS@DF_IALFS_EMP_ISIC4_Q(1.0),Employed population by economic activity,I,FIN,Finland,EMP,Employment,PS,Persons,_Z,Not applicable,Y,Calendar and seasonally adjusted,_T,Total,_T,Total,BTE,Industry (except construction),Q,Quarterly,2025-Q1,,372.5642,,,,A,Normal value,3,Thousands,0,Zero
DATAFLOW,OECD.SDD.TPS:DSD_LFS@DF_IALFS_EMP_ISIC4_Q(1.0),Employed population by economic activity,I,FIN,Finland,EMP,Employment,PS,Persons,_Z,Not applicable,Y,Calendar and seasonally adjusted,_T,Total,_T,Total,BTE,Industry (except construction),Q,Quarterly,2025-Q2,,370.4247,,,,A,Normal value,3,Thousands,0,Zero
DATAFLOW,OECD.SDD.TPS:DSD_LFS@DF_IALFS_EMP_ISIC4_Q(1.0),Employed population by economic activity,I,EST,Estonia,EMP,Employment,PS,Persons,_Z,Not applicable,Y,Calendar and seasonally adjusted,_T,Total,_T,Total,BTE,Industry (except construction),Q,Quarterly,2024-Q1,,120.4129,,,,A,Normal value,3,Thousands,0,Zero
DATAFLOW,OECD.SDD.TPS:DSD_LFS@DF_IALFS_EMP_ISIC4_Q(1.0),Employed population by economic activity,I,EST,Estonia,EMP,Employment,PS,Persons,_Z,Not applicable,Y,Calendar and seasonally adjusted,_T,Total,_T,Total,BTE,Industry (except construction),Q,Quarterly,2024-Q2,,119.2221,,,,A,Normal value,3,Thousands,0,Zero
DATAFLOW,OECD.SDD.TPS:DSD_LFS@DF_IALFS_EMP_ISIC4_Q(1.0),Employed population by economic activity,I,EST,Estonia,EMP,Employment,PS,Persons,_Z,Not applicable,Y,Calendar and seasonally adjusted,_T,Total,_T,Total,BTE,Industry (except construction),Q,Quarterly,2024-Q3,,119.3634,,,,A,Normal value,3,Thousands,0,Zero
DATAFLOW,OECD.SDD.TPS:DSD_LFS@DF_IALFS_EMP_ISIC4_Q(1.0),Employed population by economic activity,I,EST,Estonia,EMP,Employment,PS,Persons,_Z,Not applicable,Y,Calendar and seasonally adjusted,_T,Total,_T,Total,BTE,Industry (except construction),Q,Quarterly,2024-Q4,,115.1015,,,,A,Normal value,3,Thousands,0,Zero
DATAFLOW,OECD.SDD.TPS:DSD_LFS@DF_IALFS_EMP_ISIC4_Q(1.0),Employed population by economic activity,I,EST,Estonia,EMP,Employment,PS,Persons,_Z,Not applicable,Y,Calendar and seasonally adjusted,_T,Total,_T,Total,BTE,Industry (except construction),Q,Quarterly,2025-Q1,,115.7573,,,,A,Normal value,3,Thousands,0,Zero
DATAFLOW,OECD.SDD.TPS:DSD_LFS@DF_IALFS_EMP_ISIC4_Q(1.0),Employed population by economic activity,I,EST,Estonia,EMP,Employment,PS,Persons,_Z,Not applicable,Y,Calendar and seasonally adjusted,_T,Total,_T,Total,BTE,Industry (except construction),Q,Quarterly,2025-Q2,,114.6133,,,,A,Normal value,3,Thousands,0,Zero
DATAFLOW,OECD.SDD.TPS:DSD_LFS@DF_IALFS_EMP_ISIC4_Q(1.0),Employed population by economic activity,I,AUT,Austria,EMP,Employment,PS,Persons,_Z,Not applicable,Y,Calendar and seasonally adjusted,_T,Total,_T,Total,BTE,Industry (except construction),Q,Quarterly,2024-Q1,,797.3059,,,,A,Normal value,3,Thousands,0,Zero
DATAFLOW,OECD.SDD.TPS:DSD_LFS@DF_IALFS_EMP_ISIC4_Q(1.0),Employed population by economic activity,I,AUT,Austria,EMP,Employment,PS,Persons,_Z,Not applicable,Y,Calendar and seasonally adjusted,_T,Total,_T,Total,BTE,Industry (except construction),Q,Quarterly,2024-Q2,,774.5688,,,,A,Normal value,3,Thousands,0,Zero
DATAFLOW,OECD.SDD.TPS:DSD_LFS@DF_IALFS_EMP_ISIC4_Q(1.0),Employed population by economic activity,I,AUT,Austria,EMP,Employment,PS,Persons,_Z,Not applicable,Y,Calendar and seasonally adjusted,_T,Total,_T,Total,BTE,Industry (except construction),Q,Quarterly,2024-Q3,,757.564,,,,A,Normal value,3,Thousands,0,Zero
DATAFLOW,OECD.SDD.TPS:DSD_LFS@DF_IALFS_EMP_ISIC4_Q(1.0),Employed population by economic activity,I,AUT,Austria,EMP,Employment,PS,Persons,_Z,Not applicable,Y,Calendar and seasonally adjusted,_T,Total,_T,Total,BTE,Industry (except construction),Q,Quarterly,2024-Q4,,749.6613,,,,A,Normal value,3,Thousands,0,Zero
DATAFLOW,OECD.SDD.TPS:DSD_LFS@DF_IALFS_EMP_ISIC4_Q(1.0),Employed population by economic activity,I,AUT,Austria,EMP,Employment,PS,Persons,_Z,Not applicable,Y,Calendar and seasonally adjusted,_T,Total,_T,Total,BTE,Industry (except construction),Q,Quarterly,2025-Q1,,720.0533,,,,A,Normal value,3,Thousands,0,Zero
DATAFLOW,OECD.SDD.TPS:DSD_LFS@DF_IALFS_EMP_ISIC4_Q(1.0),Employed population by economic activity,I,AUT,Austria,EMP,Employment,PS,Persons,_Z,Not applicable,Y,Calendar and seasonally adjusted,_T,Total,_T,Total,BTE,Industry (except construction),Q,Quarterly,2025-Q2,,726.7157,,,,A,Normal value,3,Thousands,0,Zero
